event_id,timestamp,source_identifier,destination_identifier,protocol,source_port,destination_port,duration_ms,forward_packets,backward_packets,forward_bytes,backward_bytes,flow_bytes_per_sec,flow_packets_per_sec,packet_length_mean,packet_length_std,flow_iat_mean_ms,tcp_syn_count,tcp_ack_count,tcp_rst_count,label,severity_fixture
demo-0001,2026-01-01T09:00:00Z,client-001,service-web-01,TCP,51520,443,245,8,7,4210,9130,54448.98,61.22,889.33,142.18,35.00,1,14,0,BENIGN,NORMAL
demo-0002,2026-01-01T09:00:05Z,client-002,service-api-01,TCP,51521,443,302,9,10,5100,12400,57947.02,62.91,921.05,158.44,31.70,1,18,0,BENIGN,NORMAL
demo-0003,2026-01-01T09:00:10Z,client-003,service-dns-01,UDP,51522,53,42,2,2,156,260,9904.76,95.24,104.00,18.20,14.00,0,0,0,BENIGN,NORMAL
demo-0004,2026-01-01T09:00:15Z,client-004,service-web-01,TCP,51523,80,188,6,5,2320,6410,46436.17,58.51,793.64,121.09,37.60,1,10,0,BENIGN,NORMAL
demo-0005,2026-01-01T09:00:20Z,client-005,service-api-02,TCP,51524,443,411,11,12,8900,15100,58394.16,55.96,1043.48,176.57,34.25,1,22,0,BENIGN,NORMAL
demo-0006,2026-01-01T09:00:25Z,client-006,service-web-02,TCP,51525,443,265,7,8,3800,9820,51396.23,56.60,908.00,130.42,33.13,1,14,0,BENIGN,NORMAL
demo-0007,2026-01-01T09:00:30Z,client-007,service-db-proxy,TCP,51526,5432,534,12,14,6300,18800,47003.75,48.69,965.38,184.11,41.08,1,25,0,BENIGN,NORMAL
demo-0008,2026-01-01T09:00:35Z,client-008,service-web-01,TCP,51527,443,199,5,6,2600,7200,49246.23,55.28,890.91,119.47,36.18,1,10,0,BENIGN,NORMAL
demo-0009,2026-01-01T09:00:40Z,client-009,service-dns-01,UDP,51528,53,38,2,1,140,96,6210.53,78.95,78.67,21.08,19.00,0,0,0,BENIGN,NORMAL
demo-0010,2026-01-01T09:00:45Z,client-010,service-web-02,TCP,51529,443,352,10,9,7010,11900,53721.59,53.98,995.26,162.77,39.11,1,18,0,BENIGN,NORMAL
demo-0011,2026-01-01T09:00:50Z,client-011,service-api-01,TCP,51530,443,275,8,9,4690,10150,53963.64,61.82,872.94,140.63,32.35,1,16,0,BENIGN,NORMAL
demo-0012,2026-01-01T09:00:55Z,client-012,service-web-01,TCP,51531,443,224,7,7,4120,8990,58526.79,62.50,936.43,150.25,32.00,1,13,0,BENIGN,NORMAL
demo-0013,2026-01-01T09:01:00Z,client-013,service-api-02,TCP,51532,443,478,15,16,12400,20400,68619.25,64.85,1058.06,210.44,29.88,1,30,0,BENIGN,NORMAL
demo-0014,2026-01-01T09:01:05Z,client-014,service-web-02,TCP,51533,80,167,5,4,1890,4310,37125.75,53.89,688.89,102.83,41.75,1,8,0,BENIGN,NORMAL
demo-0015,2026-01-01T09:01:10Z,client-015,service-dns-01,UDP,51534,53,40,2,2,170,244,10350.00,100.00,103.50,20.40,13.33,0,0,0,BENIGN,NORMAL
demo-0016,2026-01-01T09:01:15Z,client-016,service-web-01,TCP,51535,443,609,22,25,24500,38000,102627.26,77.18,1329.79,366.22,24.36,1,45,0,BENIGN,SUSPICIOUS
demo-0017,2026-01-01T09:01:20Z,client-017,service-api-01,TCP,51536,443,58,14,3,9800,620,179655.17,293.10,613.33,510.15,3.41,8,4,0,SYNTHETIC_ANOMALY,SUSPICIOUS
demo-0018,2026-01-01T09:01:25Z,client-018,service-web-02,TCP,51537,443,91,18,2,16600,320,185934.07,219.78,846.00,840.31,4.55,12,3,1,SYNTHETIC_ANOMALY,HIGH_RISK
demo-0019,2026-01-01T09:01:30Z,client-019,service-api-02,TCP,51538,443,1280,95,88,140000,210000,273437.50,142.97,1912.57,1450.20,7.03,3,170,4,SYNTHETIC_ANOMALY,HIGH_RISK
demo-0020,2026-01-01T09:01:35Z,client-020,service-web-01,TCP,51539,443,44,60,1,72000,80,1638181.82,1386.36,1181.64,2100.42,0.72,38,1,9,SYNTHETIC_ANOMALY,POTENTIAL_UNKNOWN_THREAT
